obj_id,name,year,iconic,type,S8,S6,iconic_bin,year_c,type_clean
1,"A RARE, HERMETIC COPPER EXPLORER WARDROBE TRUNK WITH BRASS HARDWARE",1925,no,trunk,0.96875,0.9583333333333334,0,7.1,trunk
2,"A RARE, LIMITED EDITION YELLOW & BLACK MONOGRAM LEATHER PUMPKIN BAG WITH SILVER HARDWARE BY YAYOI KUSAMA",2023,yes,bag,0.46875,0.5833333333333333,1,16.9,bag
3,"A RARE, HERMETIC COPPER RIFLE TRUNK WITH BRASS HARDWARE",1896,no,suitcase,1.0,1.0,0,4.2,suitcase
4,"A RARE, CLASSIC MONOGRAM HIGH TEA TRUNK WITH BRASS HARDWARE",2025,yes,trunk,0.71875,0.9583333333333334,1,17.1,trunk
5,"A RARE, ALUMINIUM EXPLORER TRUNK",1892,no,trunk,0.9375,0.9166666666666666,0,3.8,trunk
6,A LIMITED EDITION RED & WHITE MONOGRAM MALLE COURRIER 90 TRUNK WITH SILVER HARDWARE BY SUPREME,2017,yes,trunk,0.75,0.9166666666666666,1,16.3,trunk
7,"A RARE, HERMETIC ZINC EXPLORER TRUNK WITH BRASS HARDWARE",1890,no,trunk,0.9375,0.9166666666666666,0,3.6,trunk
8,"A RARE, BRASS EXPLORER TRUNK",1888,no,trunk,0.9375,0.9166666666666666,0,3.4,trunk
9,"A RARE, HERMETIC ZINC EXPLORER TRUNK WITH BRASS HARDWARE",1889,no,trunk,0.9375,0.9166666666666666,0,3.5,trunk
10,A RED VUITTONITE CANVAS TRUNK WITH BRASS HARDWARE,1926,no,trunk,1.0,1.0,0,7.2,trunk
11,A MONOGRAM CANVAS DESK TRUNK FOR THIRTY PAIRS OF SHOES WITH BRASS HARDWARE,1929,no,trunk,0.71875,0.9583333333333334,0,7.5,trunk
12,A MONOGRAM CANVAS LIBRARY TRUNK WITH BRASS HARDWARE,1932,no,trunk,0.71875,0.9583333333333334,0,7.8,trunk
13,A LOUIS VUITTON LIMITED EDITION YELLOW STEAMER TRUNK BY VIRGIL ABLOH,2021,yes,trunk,0.71875,0.875,1,16.7,trunk
14,A MONOGRAM CANVAS COURRIER 110 TRUNK WITH BRASS HARDWARE,1934,no,trunk,0.75,1.0,0,8.0,trunk
15,"A RARE, HERMETIC ZINC EXPLORER TRUNK WITH BRASS HARDWARE (2)",1870,no,trunk,0.96875,0.9583333333333334,0,1.6,trunk
16,"A RARE, MONOGRAM CANVAS CASINO TRUNK WITH BRASS HARDWARE",2009,yes,trunk,0.71875,0.9583333333333334,1,15.5,trunk
17,A SHINY BROWN POROSUS CROCODILE & TORTOISE SHELL TOILETRY KIT TRUNK WITH BRASS HARDWARE,1942,yes,suitcase,0.9375,0.9166666666666666,1,8.8,suitcase
18,A LIMITED EDITION CLASSIC MONOGRAM & MULTICOLOR DOTS PYRAMID SET OF FOUR BISTEN WITH BRASS HARDWARE BY YAYOI KUSAMA,2023,yes,suitcase,0.75,0.9166666666666666,1,16.9,suitcase
19,A LIMITED EDITION PAINTED MONOGRAM COURRIER LOZINE TRUNK 110 WITH BLACK HARDWARE BY VIRGIL ABLOH,2021,yes,trunk,0.65625,0.75,1,16.7,trunk
20,A MONOGRAM CANVAS TRUNK FOR 1000 CIGARS WITH BRASS HARDWARE,2010,yes,trunk,0.71875,0.9583333333333334,1,15.6,trunk
21,A MONOGRAM CANVAS LADY'S HIGH 110 TRUNK WITH BRASS HARDWARE,1910,yes,trunk,0.71875,0.9583333333333334,1,5.6,trunk
22,A SPECIAL ORDER WATCH MONOGRAM TRUNK,2008,no,trunk,0.71875,0.9583333333333334,0,15.4,trunk
23,A SPECIAL ORDER JAPANESE TEA CEREMONY DAMIER TRUNK,2006,yes,trunk,0.71875,0.9583333333333334,1,15.2,trunk
24,A LIMITED EDITION PAINTED PUMPKIN MONOGRAM COURRIER LOZINE TRUNK 110 BY YAYOI KUSAMA,2023,yes,trunk,0.75,0.9166666666666666,1,16.9,trunk
25,A MONOGRAM CANVAS TRUNK WITH DOORS AND DRAWERS WITH BRASS HARDWARE,1906,no,trunk,0.75,1.0,0,5.2,trunk
26,"RARE, MONOGRAM CANVAS FISHING TRUNK WITH BRASS HARDWARE",1924,no,suitcase,0.71875,0.9583333333333334,0,7.0,suitcase
27,A GREEN VUITTONITE CANVAS COURRIER 90 TRUNK WITH BLACK LACQUERED IRON HARDWARE,1909,no,trunk,1.0,1.0,0,5.5,trunk
28,AN ORANGE VUITTONITE CANVAS COURRIER 100 TRUNK WITH BRASS HARDWARE,1925,no,trunk,0.90625,0.875,0,7.1,trunk
29,A LIMITED EDITION BLACK RAINBOW MONOGRAM MALLE COURRIER 110 TRUNK WITH BLACK HARDWARE BY VIRGIL ABLOH,2019,yes,trunk,0.78125,0.9583333333333334,1,16.5,trunk
30,A NATURAL COWHIDE LEATHER PICNIC TRUNK WITH BRASS HARDWARE,1908,no,case,0.96875,0.9583333333333334,0,5.4,case
31,A DAMIER CANVAS TRUNK WITH DOORS AND DRAWERS WITH BRASS HARDWARE,1893,no,trunk,0.96875,0.9583333333333334,0,3.9,trunk
32,A LIMITED EDITION FIFA WORLD CUP OFFICIAL MATCH BALL MONOGRAM TRUNK,2018,yes,trunk,0.75,1.0,1,16.4,trunk
33,A SPECIAL ORDER NIGHT PICNIC ASTRONOMY TELESCOPE MONOGRAM TRUNK DESIGNED BY PATRICK LOUIS VUITTON & A PRIVATE COLLECTOR,2014,yes,trunk,0.75,1.0,1,16.0,trunk
34,A STANDING WARDROBE DAMIER TRUNK,2003,no,trunk,0.71875,0.9583333333333334,0,14.9,trunk
35,"A RARE, CHRISTMAS ORNAMENTS MONOGRAM TRUNK",2010,yes,trunk,0.71875,0.9583333333333334,1,15.6,trunk
36,AN ORANGE VUITTONITE CANVAS DOUBLE-DRAWER WARDROBE TRUNK WITH BRASS HARDWARE,1951,no,trunk,0.96875,0.9583333333333334,0,9.7,trunk
37,A MAHOGANY RUNNING-BOARD TRUNK FOR AUTOMOBILE TOOLS WITH BRASS HARDWARE,1910,no,trunk,0.9375,0.9166666666666666,0,5.6,trunk
38,"A VERY RARE, BROWN AND TAN PATTERNED STENCILED CANVAS & WOOD MALLE COURRIER 110",1890,no,trunk,0.96875,0.9583333333333334,0,3.6,trunk
39,A CUSTOM GRAPHITE DAMIER CANVAS WATCH & JEWELLERY TRUNK,2016,yes,trunk,0.96875,0.9583333333333334,1,16.2,trunk
40,A NATURAL COWHIDE LEATHER IDEAL TRUNK WITH BRASS HARDWARE,1894,no,trunk,0.9375,0.9166666666666666,0,4.0,trunk
41,A LIMITED EDITION CLASSIC MONOGRAM CANVAS & BLACK CALFSKIN AIRPLANE-SHAPE BAG WITH BLACK HARDWARE BY VIRGIL ABLOH,2021,yes,bag,0.375,0.5,1,16.7,bag
42,"A RARE, MONOGRAM CANVAS EXPLORATOR'S CAMP BED TRUNK WITH BRASS HARDWARE",1911,no,trunk,0.75,1.0,0,5.7,trunk
43,A DAMIER CANVAS MEN HIGH 90 TRUNK WITH BRASS HARDWARE,1896,no,trunk,1.0,1.0,0,4.2,trunk
44,A GROUP OF TWO: AN ORANGE VUITTONITE CANVAS DESK TRUNK FOR LINEN & AN ORANGE VUITTONITE CANVAS LOW 110 TRUNK WITH BRASS HARDWARE,1909,no,trunk,0.96875,0.9583333333333334,0,5.5,trunk
45,A MATTE WHITE & SILVER HIMALAYA NILOTICUS CROCODILE MINI CAPUCINES WITH SILVER HARDWARE,2023,yes,bag,0.71875,0.625,1,16.9,bag
46,A SPECIAL ORDER SHINY BROWN ALLIGATOR CAVIAR SET BOX WITH GOLD HARDWARE,2009,no,case,0.9375,0.9166666666666666,0,15.5,case
47,"A RARE, MONOGRAM PAPER & WOOD MINI FLOWER TRUNK WITH BRASS HARDWARE",1910,yes,case,0.6875,0.9166666666666666,1,5.6,case
48,A COURRIER DAMIER TRUNK,2012,yes,trunk,1.0,1.0,1,15.8,trunk
49,"A RARE, MONOGRAM CANVAS LIBRARY TRUNK WITH SET OF 1911 BRITANNICA ENCYCLOPAEDIA WITH BRASS HARDWARE",1911,no,trunk,0.71875,0.9583333333333334,0,5.7,trunk
50,A MONOGRAM CANVAS WARDROBE TRUNK WITH BRASS HARDWARE,1925,no,trunk,0.71875,0.9583333333333334,0,7.1,trunk
51,A PERSONALIZED BROWN MONOGRAM CANVAS PÉGASE 50,2000,yes,other,0.46875,0.5833333333333333,1,14.6,trunk
52,A LIMITED EDITION PAINTED PUMPKIN MONOGRAM WATCH BOX WITH BRASS HARDWARE BY YAYOI KUSAMA,2023,yes,trunk,0.65625,0.875,1,16.9,trunk
53,A SHINY EMERALD GREEN ALLIGATOR MINI CAPUCINES WITH GOLD HARDWARE,2023,yes,bag,0.71875,0.625,1,16.9,bag
54,A RARE EXTRA TALL MONOGRAM CANVAS WARDROBE TRUNK,1910,yes,trunk,0.75,1.0,1,5.6,trunk
55,A LIMITED EDITION RED EPI LEATHER SUPREME KEEPALL 45 WITH SILVER HARDWARE,2017,yes,bag,0.6875,0.625,1,16.3,bag
56,A RARE LOUIS VUITTON 'MALLE SECRETAIRE' MONOGRAM CANVAS TRUNK,1920,no,trunk,0.71875,0.9583333333333334,0,6.6,trunk
57,"A RARE, MATTE BALLET ROSE SAHARA ALLIGATOR CAPUCINES BB WITH ROSE GOLD HARDWARE",2024,yes,bag,0.71875,0.625,1,17.0,bag
58,A MONOGRAM CANVAS WARDROBE TRUNK WITH BRASS HARDWARE,1930,no,trunk,0.71875,0.9583333333333334,0,7.6,trunk
59,A MATTE WHITE HIMALAYA CROCODILE CITY STEAMER PM WITH SILVER HARDWARE,2020,yes,bag,0.78125,0.7083333333333333,1,16.6,bag
60,A LIMITED EDITION ORANGE MAT MONOGRAM & NATURAL LEATHER BANDOULIÈRE VIA SPEEDY P9 40 WITH GOLD HARDWARE BY PHARRELL WILLIAMS,2023,yes,bag,0.46875,0.625,1,16.9,bag
61,A LIMITED EDITION EMBROIDERED CALFSKIN LEATHER ARTYCAPUCINES WITH GIRAFFE CHARM BY JONAS WOOD,2019,yes,bag,0.46875,0.45833333333333337,1,16.5,bag
62,A NATURAL WOOD COURRIER 80 TRUNK WITH BLACK LACQUERED IRON HARDWARE,1870,no,trunk,0.96875,0.9583333333333334,0,1.6,trunk
63,A SHINY BROWN POROSUS CROCODILE TOILETRY KIT TRUNK WITH BRASS HARDWARE,1931,no,suitcase,0.90625,0.875,0,7.7,suitcase
64,A NATURAL COWHIDE LEATHER IDEAL TRUNK WITH BRASS HARDWARE,1916,no,trunk,0.9375,0.9166666666666666,0,6.2,trunk
65,A MONOGRAM FABRIC CANVAS MEN'S LOW 90 TRUNK WITH BLACK LACQUERED IRON & BRASS HARDWARE,1908,no,trunk,0.75,1.0,0,5.4,trunk
66,A GRIS TRIANON COATED CANVAS LOW TRUNK WITH BLACK LACQUERED IRON HARDWARE,1886,no,trunk,1.0,1.0,0,3.2,trunk
67,A LIMITED EDITION CLASSIC MONOGRAM CANVAS POOCH BAG WITH GOLD HARDWARE BY PHARRELL WILLIAMS,2024,yes,bag,0.34375,0.45833333333333337,1,17.0,bag
68,A NATURAL COWHIDE LEATHER WARDROBE TRUNK WITH BRASS HARDWARE,1911,no,trunk,0.9375,0.9166666666666666,0,5.7,trunk
69,A LIMITED EDITION BROWN CALFSKIN SATCHEL WITH GOLD HARDWARE,2009,yes,bag,0.8125,0.75,1,15.5,bag
70,A DAMIER CANVAS LADY'S HIGH 100 TRUNK WITH BRASS HARDWARE,1895,no,trunk,1.0,1.0,0,4.1,trunk
71,AN ORANGE VUITTONITE CANVAS CABIN 110 TRUNK WITH BRASS HARDWARE,1913,no,trunk,0.9375,0.9166666666666666,0,5.9,trunk
72,A MONOGRAM CANVAS CABIN 80 TRUNK WITH BRASS HARDWARE,1907,no,trunk,0.75,1.0,0,5.3,trunk
73,A BROWN & BEIGE STRIPED CANVAS LOW 110 TRUNK WITH BLACK LACQUERED IRON & BRASS HARDWARE,1882,no,trunk,1.0,1.0,0,2.8,trunk
74,A LIMITED EDITION MIRROR MONOGRAM SPEAKER TRUNK,2022,yes,suitcase,0.6875,0.875,1,16.8,suitcase
75,A LARGE ALZER SUITCASE,1960,no,suitcase,0.6875,0.9166666666666666,0,10.6,suitcase
76,A TRUNK IN NATURAL COW HIDE,1904,no,trunk,0.96875,0.9583333333333334,0,5.0,trunk
77,A GRIS TRIANON CANVAS TRUNK WITH BLACK LACQUERED IRON HARDWARE,1888,no,trunk,1.0,1.0,0,3.4,trunk
78,"A WHITE, BLUSH & METALLIC ALLIGATOR PETITE MALLE WITH BRUSHED ROSE GOLD HARDWARE",2018,yes,bag,0.78125,0.7916666666666666,1,16.4,bag
79,A FUCHSIA MONOGRAM VERNIS PATENT LEATHER PÉGASE 55,2003,yes,other,0.5625,0.75,1,14.9,trunk
80,A MONOGRAM CANVAS WARDROBE TRUNK WITH BRASS HARDWARE,1906,no,trunk,0.71875,0.9583333333333334,0,5.2,trunk
81,‘Malle Haute’ trunk,1910,yes,trunk,1.0,1.0,1,5.6,trunk
82,‘Monogram Miroir’ Speedy handbag,2006,yes,bag,0.4375,0.5833333333333333,1,15.2,bag
83,Christopher' backpack,2017,yes,bag,0.6875,0.625,1,16.3,bag
84,Graffiti Keepall 50' bag,2001,yes,bag,0.5625,0.6666666666666667,1,14.7,bag
85,‘Eye Need You’ bag,2003,yes,bag,0.5,0.625,1,14.9,bag
86,A GROUP OF TWO: A NAVY BLUE CALFSKIN LEATHER & BEADS FLEURS D'ASNIÈRES CAPUCINES BB WITH GOLD HARDWARE AND A MAGNOLIA TAURILLON LEATHER STUDDED CAPUCINES BB WITH GOLD & SILVER HARDWARE,2018,yes,bag,0.5625,0.6666666666666667,1,16.4,bag
87,A SHINY BLUE CROCODILE LOCKIT MM WITH SILVER HARDWARE,2014,yes,bag,0.75,0.6666666666666667,1,16.0,bag
88,"A SILK, CASHMERE & EMBROIDERY GARDEN IN HELL SAC WEEKEND BY JAKE & DINOS CHAPMAN, No. 7/10",2013,yes,bag,0.59375,0.625,1,15.9,bag
89,A CANVAS ALUMINIUM BOUND TRUNK,1896,no,trunk,1.0,1.0,0,4.2,trunk
90,A LIMITED EDITION CLASSIC CANVAS SUPERFLAT JEWELLERY BOX BY TAKASHI MURAKAMI,2003,yes,suitcase,0.71875,0.875,1,14.9,suitcase
91,A MATTE CARAMEL ALLIGATOR VOLTA WITH GOLD HARDWARE,2018,yes,bag,0.8125,0.75,1,16.4,bag
92,A RED & WHITE EPI LEATHER CHRISTOPHER BACKPACK WITH SILVER HARDWARE BY SUPREME,2017,yes,bag,0.71875,0.6666666666666667,1,16.3,bag
93,A LIMITED EDITION SHINY BLACK & GOLD AURORA ALLIGATOR MINI CAPUCINES WITH GOLD HARDWARE,2023,yes,bag,0.6875,0.7083333333333333,1,16.9,bag
94,A LIMITED EDITION CANNES VASE ARCHITETTURA BAG WITH GOLD HARDWARE BY FORNASETTI,2021,no,bag,0.65625,0.75,0,16.7,bag
95,A LIMITED EDITION GREEN & BLACK MONOGRAMOUFLAGE COATED CANVAS KEEPALL BANDOULIÈRE 55 BY TAKASHI MURAKAMI,2008,yes,bag,0.53125,0.7083333333333333,1,15.4,bag
96,A GREY MONOGRAM ECLIPSE ALZER 60 TRUNK,2019,yes,suitcase,0.71875,0.9583333333333334,1,16.5,suitcase
97,"SAC CAPUCINES MM EN CROCODILE POROSUS MAT NOIR, GARNITURE EN MÉTAL DORÉ",2015,yes,bag,0.75,0.6666666666666667,1,16.1,bag
98,A MALLE COURRIER IN MONOGRAM CANVAS,1965,no,trunk,0.75,1.0,0,11.1,trunk
99,A LIMITED EDITION CLASSIC MONOGRAM CANVAS LV HAND MOCA SUPERFLAT JEWELLERY BOX BY TAKASHI MURAKAMI,2007,yes,suitcase,0.78125,0.9583333333333334,1,15.3,suitcase
100,A BLEU TURQUOISE OSTRICH MINI CAPUCINES WITH SILVER HARDWARE,2023,yes,bag,0.8125,0.75,1,16.9,bag
101,A LIMITED EDITION PALE BLUE TAURILLON LEATHER FLOWERS MINI CAPUCINES WITH SILVER HARDWARE BY YAYOI KUSAMA,2023,yes,bag,0.71875,0.6666666666666667,1,16.9,bag
102,AN ORANGE VUITTONITE CANVAS WARDROBE TRUNK WITH BRASS HARDWARE,1909,no,trunk,1.0,1.0,0,5.5,trunk
103,A MONOGRAM CANVAS CABIN 90 TRUNK WITH BRASS HARDWARE,1904,no,trunk,0.75,1.0,0,5.0,trunk
104,A RED & BROWN STRIPED CANVAS MEN'S HIGH 120 TRUNK WITH BLACK LACQUERED IRON & BRASS HARDWARE,1870,no,trunk,1.0,1.0,0,1.6,trunk
105,AN ALZER HARD SUITCASE,1970,no,suitcase,0.71875,0.9583333333333334,0,11.6,suitcase
106,A CLASSIC MONOGRAM CANVAS WOMEN'S STEAMER TRUNK WITH BRASS HARDWARE,1915,no,trunk,0.9375,0.9166666666666666,0,6.1,trunk
107,A GRIS TRIANON CANVAS TRUNK WITH BRASS HARDWARE,1870,no,trunk,1.0,1.0,0,1.6,trunk
108,A MONOGRAM CANVAS IDEAL TRUNK WITH BRASS HARDWARE,1905,no,trunk,0.75,1.0,0,5.1,trunk
109,A FALL/WINTER RUNWAY METALLIC SILVER MIRROR MONOGRAM & CALFSKIN COTTEVILLE TRUNK 45 WITH SILVER HARDWARE BY VIRGIL ABLOH,2022,yes,suitcase,0.71875,0.9583333333333334,1,16.8,suitcase
110,A LIMITED EDITION ICONOCLAST MONOGRAM CANVAS & NATURAL LEATHER TWISTED BOX WITH GOLD HARDWARE BY FRANK GEHRY,2015,no,bag,0.4375,0.5833333333333333,0,16.1,bag
111,A MATTE PURPLE POROSUS CROCODILE CAPUCINES MM WITH GOLD HARDWARE,2015,yes,bag,0.78125,0.7083333333333333,1,16.1,bag
112,"A RARE, WHITE MONOGRAM GRAFFITI BOÎTE CHAPEAU HAT BOX PM BY STEPHEN SPROUSE",2001,no,case,0.59375,0.7083333333333333,0,14.7,case
113,A LIMITED EDITION MULTICOLOR MONOGRAM CANVAS KORO KORO CLUTCH BY TAKASHI MURAKAMI,2025,yes,bag,0.53125,0.7083333333333333,1,17.1,bag
114,A LIMITED EDITION CLASSIC MONOGRAM CANVAS PANDA SUPERFLAT JEWELLERY BOX BY TAKASHI MURAKAMI,2003,yes,suitcase,0.71875,0.9166666666666666,1,14.9,suitcase
115,A SHINY OLIVE GREEN NILOTICUS CROCODILE PETITE BOÎTE CHAPEAU WITH GOLD HARDWARE,2018,yes,bag,0.8125,0.75,1,16.4,bag
116,A MONOGRAM CANVAS WARDROBE TRUNK WITH BRASS HARDWARE,1991,yes,trunk,0.71875,0.9583333333333334,1,13.7,trunk
117,A MONOGRAM CANVAS CABIN 110 TRUNK WITH BRASS HARDWARE,1911,no,trunk,0.71875,0.9583333333333334,0,5.7,trunk
118,A MONOGRAM CANVAS HAT TRUNK WITH BRASS HARDWARE,1905,no,trunk,0.75,1.0,0,5.1,trunk
119,A LIMITED EDITION GREEN TUFFETAGE MONOGRAM WALLET TRUNK WITH GREEN HARDWARE BY VIRGIL ABLOH,2020,yes,bag,0.5625,0.75,1,16.6,bag
120,A LIMITED EDITION MULTICOLOR LEATHER ARTYCAPUCINES,2021,yes,bag,0.625,0.6666666666666667,1,16.7,bag
121,A MONOGRAM CANVAS MAN'S TRUNK,1992,yes,trunk,0.75,0.9583333333333334,1,13.8,trunk
122,A LIMITED EDITION ARTYCAPUCINES MM BY ZENG FANZHI,2022,yes,bag,0.65625,0.7083333333333333,1,16.8,bag
123,A LIMITED EDITION CLASSIC MONOGRAM CANVAS NO.7 ALZER SOFT 55 WITH BRASS HARDWARE BY VIRGIL ABLOH,2021,yes,suitcase,0.65625,0.875,1,16.7,suitcase
124,A MONOGRAM CANVAS BACKGAMMON SUITCASE WITH BRASS HARDWARE,1932,no,suitcase,0.71875,0.9583333333333334,0,7.8,suitcase
125,A BEIGE & BROWN STRIPED CANVAS CABIN 90 TRUNK WITH BRASS HARDWARE,1895,no,trunk,1.0,1.0,0,4.1,trunk
126,AN ALZER HARD SUITCASE,1970,no,suitcase,0.71875,0.9583333333333334,0,11.6,suitcase
127,A MATTE BLACK CROCODILE & MONOGRAM CANVAS CHRISTOPHER BACKPACK WITH SILVER HARDWARE,2017,yes,bag,0.53125,0.7083333333333333,1,16.3,bag
128,A SET OF TWO REVERSE MONOGRAM TRUNK: A COFFRET TRESOR 24 JEWELRY BOX & A COFFRET 8 MONTRES WATCH BOX,2020,yes,trunk,0.71875,0.9583333333333334,1,16.6,trunk
129,A LIMITED EDITION PRISM KEEPALL 50 BY VIRGIL ABLOH,2019,yes,bag,0.4375,0.5833333333333333,1,16.5,bag
130,A CLASSIC MONOGRAM CANVAS SHOE WARDROBE TRUNK,1940,no,trunk,0.75,1.0,0,8.6,trunk
131,A GRIS TRIANON COATED CANVAS TRUNK WITH BLACK LACQUERED IRON & BRASS HARDWARE,1860,no,trunk,1.0,1.0,0,0.6,trunk
132,A GROUP OF THREE: A MONOGRAM CANVAS LEATHER BLISTEN 75 & TWO ALZER 75 SUITCASES WITH BRASS HARDWARE,1941,yes,suitcase,0.71875,0.9583333333333334,1,8.7,suitcase
133,"RARE, RUSTIC CANVAS DOLL WARDROBE TRUNK WITH METAL HARDWARE",1960,no,trunk,0.96875,0.9583333333333334,0,10.6,trunk
134,A LIMITED EDITION YELLOW EPI LEATHER INFINITY DOTS TWIST BAG BY YAYOI KUSAMA,2023,yes,bag,0.59375,0.6666666666666667,1,16.9,bag
135,LIMITED EDITION GIANT DAMIER ÉBÈNE CANVAS KEEPALL BANDOULIÈRE 50,2020,yes,bag,0.5625,0.625,1,16.6,bag
136,A LIMITED EDITION METALLIC LIZARD MINI CAPUCINES WITH SILVER HARDWARE,2023,yes,bag,0.8125,0.75,1,16.9,bag
137,A LIMITED EDITION ARTYCAPUCINES BY LIU WEI,2020,yes,bag,0.65625,0.7083333333333333,1,16.6,bag
138,A LIMITED EDITION CLASSIC MONOGRAM CANVAS FLOWER HEAD SUPERFLAT JEWELLERY BOX BY TAKASHI MURAKAMI,2003,yes,suitcase,0.78125,0.9583333333333334,1,14.9,suitcase
139,A BOITE BOUTEILLE CLASSIC MONOGRAM CANVAS TRAVEL JEWELRY CASE WITH BRASS HARDWARE,2024,yes,case,0.71875,0.9583333333333334,1,17.0,case
140,AN ORANGE VUITTONITE CANVAS STEAMER TRUNK WITH BRASS HARDWARE,1937,no,trunk,0.96875,0.9583333333333334,0,8.3,trunk
141,A LIMITED EDITION POUSSIN MASTERS COLLECTION CANVAS & LEATHER KEEPALL 50 WITH GOLD HARDWARE BY JEFF KOONS,2018,yes,bag,0.625,0.6666666666666667,1,16.4,bag
142,A NATURAL COWHIDE LEATHER TRUNK WITH BRASS HARDWARE,1925,no,case,0.96875,0.9583333333333334,0,7.1,case
143,A MATTE BLACK ALLIGATOR & SHINY BLUE LIZARD EGG BAG WITH GOLD HARDWARE,2019,yes,bag,0.71875,0.625,1,16.5,bag
144,A RUNWAY TURQUOISE & GOLD MONOGRAM SUEDE THEDA PM WITH GOLD HARDWARE BY MARC JACOBS,2004,yes,bag,0.375,0.5,1,15.0,bag
145,A SHARON STONE FOR AMFAR BROWN LEATHER VANITY CASE,2000,yes,case,0.71875,0.9583333333333334,1,14.6,case
146,A SHARON STONE FOR AMFAR VANITY CASE,2000,yes,case,0.71875,0.9583333333333334,1,14.6,case
147,A LIMITED EDITION CHAITAIGNE & MULTICOLOR LEATHER CATOGRAM CITY STEAMER MM WITH GOLD HARDWARE BY GRACE CODDINGTON,2018,yes,bag,0.65625,0.6666666666666667,1,16.4,bag
148,A FIGUE OSTRICH CAPUCINES BB WITH SILVER HARDWARE,2017,yes,bag,0.8125,0.75,1,16.3,bag
149,A LIMITED EDITION ARTYCAPUCINES CALFSKIN LEATHER CAPUCINES BB WITH ENAMEL HARDWARE BY HUANG YUXING,2021,no,bag,0.53125,0.5833333333333333,0,16.7,bag
150, A CLASSIC MONOGRAM CANVAS COFFRET TRESOR 24 WITH BRASS HARDWARE,2005,yes,case,0.65625,0.875,1,15.1,case
151,A CLASSIC MONOGRAM CANVAS COFFRET TRESOR 20 WITH BRASS HARDWARE,2006,yes,case,0.65625,0.875,1,15.2,case
152,A LIMITED EDITION PAINTED PUMPKIN MONOGRAM KEEPALL BANDOULIÈRE 45 WITH GOLD HARDWARE BY YAYOI KUSAMA,2023,yes,bag,0.59375,0.7083333333333333,1,16.9,bag
153,A LIMITED EDITION BLACK EMPREINTE LEATHER TOTE BAG WITH BLACK HARDWARE BY COMME DES GARÇONS,2008,no,bag,0.46875,0.5833333333333333,0,15.4,bag
154,A SHINY BURGUNDY ALLIGATOR GO-14 PM WITH SILVER HARDWARE,2015,yes,bag,0.8125,0.75,1,16.1,bag
155,A LIMITED EDITION MULTICOLOR CALFSKIN LEATHER ARTYCAPUCINES WITH BLUE ACRYLIC MIRROR & COMB,2019,no,bag,0.59375,0.6666666666666667,0,16.5,bag
156,A SHINY ORANGE ALLIGATOR & BLACK PETITE MALLE CLUTCH WITH SILVER HARDWARE,2019,yes,case,0.90625,0.875,1,16.5,case
157, A LIMITED EDITION IRIDESCENT PRISM MONOGRAM CHRISTOPHER GM BACKPACK,2019,yes,bag,0.5625,0.75,1,16.5,bag
158,A MONOGRAM PVC PRISM BANDOULIERE KEEPALL 50 WITH LUCITE HARDWARE BY VIRGIL ABLOH,2019,yes,bag,0.53125,0.7083333333333333,1,16.5,bag
159,A LIMITED EDITION CLASSIC MONOGRAM ICONOCLASTS SAC PLAT WITH GOLD HARDWARE BY REI KAWAKUBO,2014,yes,bag,0.46875,0.5833333333333333,1,16.0,bag
160,A GRIS ALLIGATOR & PYTHON MONOGRAMISSIME EXOTIC SHOPPER GM,2011,yes,bag,0.59375,0.75,1,15.7,bag
161,"A SHINY BLACK CROCODILE, BLUE & CREAM CALFSKIN LEATHER CITY STEAMER MM WITH GOLD HARDWARE",2018,yes,bag,0.8125,0.75,1,16.4,bag
162,A MATTE BLACK CROCODILE SOFT LOCKIT MM WITH SILVER HARDWARE,2014,no,bag,0.6875,0.5833333333333333,0,16.0,bag
163,A WARDROBE TRUNK IN MONOGRAM CANVAS,1928,yes,trunk,0.75,1.0,1,7.4,trunk
164,A BLACK VUITTONITE HUNTING RIFLE TRUNK WITH BRASS HARDWARE,1913,no,suitcase,0.96875,0.9583333333333334,0,5.9,suitcase
165,A NATURAL COWHIDE LEATHER CABIN 110 TRUNK WITH BRASS HARDWARE,1927,no,trunk,0.96875,0.9583333333333334,0,7.3,trunk
166,A DAMIER CANVAS MILITARY TRUNK,1910,no,trunk,1.0,1.0,0,5.6,trunk
167,A MONOGRAM CANVAS STEAMER TRUNK,1910,no,trunk,0.75,1.0,0,5.6,trunk
168,A LIMITED EDITION MULTICOLORE MONOGRAM DALMATIAN SAC RABAT BY TAKASHI MURAKAMI,2003,yes,bag,0.5625,0.6666666666666667,1,14.9,bag
169,A LES EXTRAORDINAIRES MONOGRAM MINK & ALLIGATOR MINI PAPILLON,2004,yes,bag,0.59375,0.75,1,15.0,bag
170,AN ABSOLUTE BLACK MONOGRAM TAURILLON LEATHER KEEPALL BANDOULIÈRE 50 WITH BLACK & ORANGE HARDWARE BY VIRGIL ABLOH,2019,no,bag,0.5,0.6666666666666667,0,16.5,bag
171,A LIMITED EDITION VAN GOGH MASTERS COLLECTION PRINTED CANVAS & LEATHER KEEPALL BANDOULIERE 50 WITH GOLD HARDWARE,2017,no,bag,0.625,0.6666666666666667,0,16.3,bag
172,A MALLE CABINE IN MONOGRAM CANVAS,1965,yes,trunk,0.75,1.0,1,11.1,trunk
173,A WARDROBE TRUNK IN MONOGRAM CANVAS,1926,no,trunk,0.75,1.0,0,7.2,trunk
174,A MONOGRAM CANVAS LP RECORDS TRUNK WITH BRASS HARDWARE,1947,yes,case,0.71875,0.9583333333333334,1,9.3,case
175,A MONOGRAM CANVAS FLOWER TRUNK WITH BRASS HARDWARE,2016,yes,trunk,0.75,1.0,1,16.2,trunk
176,A LIMITED EDITION BLACK EMPREINTE LEATHER INFINITY DOTS POCHETTE METIS WITH SILVER HARDWARE BY YAYOI KUSAMA,2023,yes,bag,0.625,0.7083333333333333,1,16.9,bag
177,A GREEN COATED CANVAS HIGH TRUNK WITH BLACK LACQUERED IRON,1870,no,trunk,1.0,1.0,0,1.6,trunk
178,"A RUNWAY, SHINY OMBRE CREAM CROCODILE CITY STEAMER ONE HANDLE BAG WITH GOLD HARDWARE",2017,yes,bag,0.8125,0.75,1,16.3,bag
179,A GUNMETAL ALLIGATOR PETITE MALLE WITH SILVER HARDWARE,2015,yes,case,0.90625,0.875,1,16.1,case
180,A SET OF TWO: CLASSIC MONOGRAM CANVAS BISTEN 80 AND ALZER 70 TRUNKS WITH BRASS HARDWARE,1980,yes,suitcase,0.71875,0.9583333333333334,1,12.6,suitcase
181,A CANVAS TRUNK WITH SPECIAL LOCK,1904,no,trunk,0.9375,0.9166666666666666,0,5.0,trunk
182,A CLASSIC MONOGRAM COURRIER STEAMER TRUNK WITH BRASS HARDWARE,1910,no,trunk,0.75,1.0,0,5.6,trunk
183,A LIMITED EDITION BLACK MONOGRAM MULTICOLORE CANVAS SPEEDY SOFT 30 WITH SILVER HARDWARE BY TAKASHI MURAKAMI,2025,yes,bag,0.5625,0.75,1,17.1,bag
184,A RARE KHAKI GREEN MONOGRAM GRAFFITI BOÎTE CHAPEAU HAT BOX,2001,yes,bag,0.46875,0.5416666666666667,1,14.7,bag
185,A WARDROBE TRUNK IN MONOGRAM CANVAS,1925,no,trunk,0.71875,0.9583333333333334,0,7.1,trunk
186,"SAC LOCKIT MM EN ALLIGATOR MAT TABAC, GARNITURE EN MÉTAL DORÉ",2014,yes,bag,0.8125,0.75,1,16.0,bag
187,A GROUP OF TWO: A LIMITED EDITION MONOGRAMOUFLAGE SPEEDY 35 WITH GOLD HARDWARE & A MONOGRAMOUFLAGE BELT BY TAKASHI MURAKAMI,2008,yes,bag,0.59375,0.7916666666666666,1,15.4,bag
188,A CLASSIC MONOGRAM CANVAS TRUNK WITH BRASS HARDWARE,1920,yes,trunk,0.75,1.0,1,6.6,trunk
189,A LIMITED EDITION BLANC NEIGE TAURILLON LEATHER ARTYCAPUCINES WITH GOLD HARDWARE 38/200 BY HENRY TAYLOR,2022,no,bag,0.75,0.75,0,16.8,bag
190,A ONE-OF-A-KIND BROWN LEATHER & CALFHAIR STUDDED PUDSEY BACKPAG BAG,2012,no,bag,0.625,0.5,0,15.8,bag
191,A GRIS TRIANON COATED CANVAS ROUNDED LID TRUNK WITH BLACK LACQUERED IRON HARDWARE,1870,no,trunk,0.9375,0.9166666666666666,0,1.6,trunk
192,A SPECIAL ORDER MONOGRAM CANVAS PERFUME TRUNK WITH BRASS HARDWARE,2016,yes,case,0.71875,0.9583333333333334,1,16.2,case
193,A CLASSIC MONOGRAM CANVAS COFFRET TRESOR 24 WITH BRASS HARDWARE,2015,yes,case,0.71875,0.9583333333333334,1,16.1,case
194,A CUSTOM BLUE EPI ALZER 65 TRUNK WITH BRASS HARDWARE,1990,no,suitcase,0.96875,0.9583333333333334,0,13.6,suitcase
195,A SHINY BLACK CROCODILE BREA MM WITH GOLD HARDWARE,2012,yes,bag,0.8125,0.75,1,15.8,bag
196,A LIMITED EDITION BLUE & PINK GRADATION TAURILLON LEATHER MINI SOFT TRUNK WITH SILVER HARDWARE BY VIRGIL ABLOH,2022,yes,case,0.71875,0.9583333333333334,1,16.8,case
197,A PAINTED MONOGRAM CANVAS COFFRET TRÉSOR BOX 20 WITH BRASS HARDWARE,2020,yes,case,0.75,0.9166666666666666,1,16.6,case
198,A LIMITED EDITION CERISES MONOGRAM CANVAS & LEATHER SPEEDY 25 WITH GOLD HARDWARE BY TAKASHI MURAKAMI,2005,yes,bag,0.59375,0.75,1,15.1,bag
199,A LIMITED EDITION BLACK TAURILLON LEATHER INFINITY DOTS CHRISTOPHER BACKPACK MM WITH BLACK HARDWARE BY YAYOI KUSAMA,2023,yes,bag,0.625,0.75,1,16.9,bag
200,A NATURAL WOODEN TRUNK WITH BLACK LACQUERED IRON HARDWARE,1890,no,trunk,0.96875,0.9583333333333334,0,3.6,trunk
201,Vintage Monogram Gemine 8 Pairs Shoe Trunk Brass Hardware,1990,yes,suitcase,0.71875,0.9583333333333334,1,13.6,suitcase
202,Rond Point Shoulder Bag 232,1980,no,bag,0.5625,0.75,0,12.6,bag
203,Authentic Vintage Houston Vernis M91004 Beige Handbag,1998,yes,bag,0.59375,0.7916666666666666,1,14.4,bag
204,Authentic Vintage Monogram Vernis Sutton M91080 Red Handbag,1998,yes,bag,0.53125,0.7083333333333333,1,14.4,bag
205,Authentic Vintage Vernis Reade PM Pink,1998,yes,bag,0.59375,0.7916666666666666,1,14.4,bag
206,Vintage Manolo Blahnik Monogram Centenaire Shoe Trunk Brass Hardware,1996,no,suitcase,0.65625,0.875,0,14.2,suitcase
207,Vintage Monogram Gemine 12 Pairs Shoe Trunk Brass Hardware,1990,no,suitcase,0.71875,0.9583333333333334,0,13.6,suitcase
208,Black Epi Alma PM,1997,yes,bag,0.84375,0.7916666666666666,1,14.3,bag
209,Mimosa Epi Lussac,1996,yes,bag,0.84375,0.7916666666666666,1,14.2,bag
210,Mimosa Epi Noé,1994,yes,bag,0.6875,0.5833333333333333,1,14.0,bag
211,Black Epi Jasmin,1999,yes,bag,0.8125,0.75,1,14.5,bag
212,Monogram Canvas Keepall Bandouliere 55,1997,yes,bag,0.5625,0.75,1,14.3,bag
213,Brown Epi Speedy 30,1995,yes,bag,0.84375,0.7916666666666666,1,14.1,bag
214,Speedy 30 Handbag Monogram Canvas,1960,yes,bag,0.5625,0.75,1,10.6,bag
215,Monogram Sac Plat Tote Bag,1970,yes,bag,0.625,0.8333333333333334,1,11.6,bag
216,Monogram Lady's Steamer Trunk,1950,no,trunk,0.75,1.0,0,9.6,trunk
217,"Trunk in Monogram, Louis Vuitton Steamer Trunk",1950,no,trunk,0.75,1.0,0,9.6,trunk
218,50 cm Duffel Bag,1950,yes,bag,0.53125,0.7083333333333333,1,9.6,bag
219,"Carrying Case / Trunk ""LV""",1950,no,suitcase,0.71875,0.9583333333333334,0,9.6,suitcase
220,Exceptionally Large Louis Vuitton Wardrobe Trunk,1955,no,trunk,0.75,1.0,0,10.1,trunk
221,"Wardrobe Trunk In Monogram Canvas, France",1950,no,trunk,0.75,1.0,0,9.6,trunk
222,Suitcase Classic Monogram Canvas,1960,no,suitcase,0.625,0.8333333333333334,0,10.6,suitcase
223,Cube' trunk,1930,no,trunk,0.75,1.0,0,7.6,trunk
224,Library Trunk,1930,no,trunk,0.71875,0.9583333333333334,0,7.6,trunk
225,Stencil Monogram Cabin Trunk,1930,no,trunk,0.75,1.0,0,7.6,trunk
226,Flat Steamer Trunk,1930,no,trunk,0.75,1.0,0,7.6,trunk
227,Courrier Steamer Trunk,1930,no,trunk,0.75,1.0,0,7.6,trunk
228,The Domed Trunk,1854,yes,trunk,0.9375,0.9166666666666666,1,0.0,trunk
229,The Flat Trunk,1867,yes,trunk,1.0,1.0,1,1.3,trunk
230,The Bed Trunk,1885,yes,trunk,1.0,1.0,1,3.1,trunk
231,The Flower Trunk,1910,yes,case,0.75,1.0,1,5.6,case
232,The Shoe Trunk,1923,yes,trunk,0.71875,0.9583333333333334,1,6.9,trunk
233,The Toiletry Case,1925,yes,trunk,0.96875,0.9583333333333334,1,7.1,trunk
234,The Stokowski Secretary Desk,1929,yes,trunk,0.71875,0.9583333333333334,1,7.5,trunk
235,The Trophy Trunk,1988,yes,trunk,0.96875,0.9583333333333334,1,13.4,trunk
236,The 1000 Cigars Trunk,1997,yes,trunk,0.71875,0.9583333333333334,1,14.3,trunk
237,The 8 Watch Case,2008,yes,case,0.71875,0.9583333333333334,1,15.4,case
238,The Malle Coiffeuse,2018,yes,trunk,0.71875,0.9583333333333334,1,16.4,trunk
239,Olympic Trunks,2024,yes,case,0.96875,0.9583333333333334,1,17.0,case
240,A LOW TRUNK IN STRIPED CANVAS,1880,no,trunk,1.0,1.0,0,2.6,trunk
241,Striped Canvas Trunk. Steamer Trunk,1880,no,trunk,1.0,1.0,0,2.6,trunk
242,Cabin Trunk Finished in Damier Canvas,1880,no,trunk,1.0,1.0,0,2.6,trunk
243,Courier Trunk in Damier Canvas,1880,no,trunk,1.0,1.0,0,2.6,trunk
244,Trunk Damier Courier Steamer,1880,no,trunk,1.0,1.0,0,2.6,trunk
245,Striped Canvas Trunk. Malle Louis Vuitton,1870,no,trunk,1.0,1.0,0,1.6,trunk
246,Rayee Malle Haute Trunk,1870,no,trunk,1.0,1.0,0,1.6,trunk
247,Rayee Hatbox Trunk,1870,no,trunk,0.96875,0.9583333333333334,0,1.6,trunk
248,"Striped Canvas Steamer Trunk, Malle",1870,no,trunk,1.0,1.0,0,1.6,trunk
249,Grey Trianon Canvas Trunk,1870,no,trunk,1.0,1.0,0,1.6,trunk
250,A STEAMER TRUNK IN BROWN CANVAS,1870,no,trunk,1.0,1.0,0,1.6,trunk
251,50cm Louis Vuitton Trunk,1940,no,suitcase,0.71875,0.9583333333333334,0,8.6,suitcase
252,Louis Vuitton Trunk,1940,no,suitcase,0.71875,0.9583333333333334,0,8.6,suitcase
253,Louis Vuitton Trunk,1940,no,suitcase,0.71875,0.9583333333333334,0,8.6,suitcase
254,Monogram Trunk,1940,no,trunk,0.75,1.0,0,8.6,trunk
255,Malle de Voyage Personnalisées,1945,no,trunk,0.71875,0.9583333333333334,0,9.1,trunk
256,Equipped Rigid Suitcase,1940,no,suitcase,0.75,1.0,0,8.6,suitcase
257,Custom Louis Vuitton Trunk,1940,no,suitcase,0.71875,0.9583333333333334,0,8.6,suitcase
258,Louis Vuitton Cabin Trunk,1910,no,trunk,0.75,1.0,0,5.6,trunk
259,Louis Vuitton Trunk Vuittonite canvas,1920,no,trunk,0.96875,0.9583333333333334,0,6.6,trunk
260,Louis Vuitton cabin trunk stenciled canvas,1920,no,trunk,0.75,1.0,0,6.6,trunk
261,Louis Vuitton Trunk stenciled canvas,1927,no,trunk,0.75,1.0,0,7.3,trunk
262,Louis Vuitton Hats trunk stenciled canvas,1938,no,trunk,0.75,1.0,0,8.4,trunk
263,Louis Vuitton Trunk model of the Mansion,1950,no,trunk,0.71875,0.9583333333333334,0,9.6,trunk
264,Louis Vuitton cabin trunk moresque-patterned steel borders,1890,no,trunk,1.0,1.0,0,3.6,trunk
265,Louis Vuitton courier trunk orange Vuittonite canvas,1909,no,trunk,0.96875,0.9583333333333334,0,5.5,trunk
266,Louis Vuitton Courrier trunk woven jacquard canva,1906,no,trunk,0.75,1.0,0,5.2,trunk
267,A LOUIS VUITTON 'TRIANON' GREY CANVAS TRUNK,1867,no,trunk,1.0,1.0,0,1.3,trunk
268,Louis Vuitton Trianon Trunk - Museum Piece,1860,no,trunk,1.0,1.0,0,0.6,trunk
269,"Louis Vuitton, 'Trianon Canvas Trunk'",1860,no,trunk,1.0,1.0,0,0.6,trunk
270,A LOUIS VUITTON 'TRIANON' GREY CANVAS TRUNK,1860,no,trunk,1.0,1.0,0,0.6,trunk
271,Louis Vuitton Duffel Bag,1950,yes,bag,0.5625,0.75,1,9.6,bag
272,Rare Louis Vuitton Travel Bag,1950,yes,bag,0.5,0.6666666666666667,1,9.6,bag
273,Vintage Louis Vuitton Purse,1950,yes,other,0.5625,0.75,1,9.6,trunk
274,Louis Vuitton Coin Purse,1950,yes,other,0.46875,0.625,1,9.6,trunk
275,Vintage Louis Vuitton Steamer Bag Carry All Monogram Canvas Doctors Bag,1950,yes,bag,0.59375,0.7916666666666666,1,9.6,bag
276,Rare Louis Vuitton Doctors Bag Steamer Tote Keepall Vintage Monogram Canvas,1950,yes,bag,0.625,0.8333333333333334,1,9.6,bag
277,Alzer suitcase in Monogram canvas with multiple travel tags,1955,no,suitcase,0.71875,0.9583333333333334,0,10.1,suitcase
278,An Orson Welles Louis Vuitton Alzer Hardback Suitcase,1950,no,suitcase,0.71875,0.9583333333333334,0,9.6,suitcase
279,Grand sac «paquebot»,1960,yes,bag,0.625,0.8333333333333334,1,10.6,bag
280,Monogram Canvas Vintage Bag,1960,yes,bag,0.59375,0.7916666666666666,1,10.6,bag
281,Vintage Louis Vuitton Monogram Train Case,1960,yes,bag,0.59375,0.7916666666666666,1,10.6,bag
282,A Louis Vuitton vanity case,1960,no,suitcase,0.71875,0.9583333333333334,0,10.6,suitcase
283,Vanity Case Louis Vuitton Monogram Canvas,1960,yes,bag,0.59375,0.7916666666666666,1,10.6,bag
284,Monogram Travel Bag Special Made for Saks Fifth Avenue,1960,yes,bag,0.59375,0.7916666666666666,1,10.6,bag
285,Brown Monogram Keepall Bandouliere,1960,yes,bag,0.5625,0.75,1,10.6,bag
286,A COTTEVILLE SUITCASE AND ANOTHER SUITCASE IN MONOGRAM CANVAS,1960,yes,suitcase,0.6875,0.9166666666666666,1,10.6,suitcase
287,A GOLF BAG,1960,yes,bag,0.5625,0.75,1,10.6,bag
288,Speedy 30 Handbag Monogram Canvas,1960,yes,bag,0.5625,0.75,1,10.6,bag
289,Vintage Louis Vuitton Monogram Papillon 26 Bag,1960,yes,bag,0.5625,0.75,1,10.6,bag
290,Monogram Sac Vendome Shoulder Bag 7lz419s,1970,yes,bag,0.59375,0.7916666666666666,1,11.6,bag
291,Monogram Sac Bavore 3 Poches Mini Tote Bavolet 48l,1970,yes,bag,0.59375,0.7916666666666666,1,11.6,bag
292,Jeune Fille Brown Canvas Leather Monogram Crossbody Bag,1970,yes,bag,0.5,0.6666666666666667,1,11.6,bag
293,Louis Vuitton Monogram Doctors Bag,1970,yes,bag,0.59375,0.7916666666666666,1,11.6,bag
294,Monogram Bucket Bag - Under Special License to the French Co,1970,no,bag,0.625,0.8333333333333334,0,11.6,bag
295,The French Co Monogram Bucket Bag Tote and Coin Purse,1970,yes,bag,0.625,0.8333333333333334,1,11.6,bag
296,A MINI PAPILLION MAKE-UP BAG,1970,yes,bag,0.53125,0.7083333333333333,1,11.6,bag
297,Monogram Sac Plat Tote Bag,1970,yes,bag,0.625,0.8333333333333334,1,11.6,bag
298,Monogram Travel Bag Steamer Keepall Doctors Bag Rare,1970,yes,bag,0.625,0.7916666666666666,1,11.6,bag
299,"Original Louis Vuitton Bag, Petite Marceau",1970,yes,bag,0.53125,0.7083333333333333,1,11.6,bag
300,Large Duffel Bag Overnight Travel Keepall Rare French Co w/Strap,1970,yes,bag,0.625,0.8333333333333334,1,11.6,bag
301,Louis Vuitton Wardrobe Trunk,1940,no,trunk,0.75,1.0,0,8.6,trunk
302,Unique 20th Century Louis Vuitton Monogram Canvas Cabin Trunk,1940,yes,trunk,0.75,1.0,1,8.6,trunk
303,A LOUIS VUITTON `MINI WARDROBE' TRUNK,1940,yes,trunk,0.75,1.0,1,8.6,trunk
304,A CLASSIC MONOGRAM CANVAS SHOE WARDROBE TRUNK,1940,yes,trunk,0.75,1.0,1,8.6,trunk
305,A BLACK CANVAS MINI STAGE COACH TRUNK WITH BRASS HARDWARE,1940,no,trunk,0.96875,0.9583333333333334,0,8.6,trunk
306,"LOUIS VUITTON. A VERY FINE WARDROBE TRUNK WITH HUMIDOR AND DISPLAY SHELVES, CUSTOMIZED BY BERNARDINI LUXURY VINTAGE",1950,no,trunk,0.75,1.0,0,9.6,trunk
307,A MONOGRAM CANVAS SHOE TRUNK WITH BRASS HARDWARE,1950,no,trunk,0.71875,0.9583333333333334,0,9.6,trunk
308,A MONOGRAM CANVAS CABIN TRUNK AND A MONOGRAM CANVAS ALZER SUITCASE,1960,no,trunk,0.71875,0.9583333333333334,0,10.6,trunk
309,A MONOGRAM CANVAS CABIN TRUNK,1960,no,trunk,0.71875,0.9583333333333334,0,10.6,trunk
310,"A Louis Vuitton wardrobe trunk, covered in monogram LV canvas and bound in leather and brass with wooden banding, monogrammed C.B.O in yellow paint, key number 102847, the interior fitted with six drawers on one side and hanging space and shoe box on the other, labelled Louis Vuitton Paris Nice 870864--25 1/2 x 21 1/2 x 44 1/2in. (65 x 55 x 113cm.), circa 1960, possibly later modifications by Louis Vuitton in London, one minor lock damaged",1960,no,trunk,0.75,1.0,0,10.6,trunk
311,"A Louis Vuitton wardrobe trunk, covered in monogram LV canvas and bound in leather and brass with wooden banding, monogrammed C.B.O in yellow paint, key number 102847, the interior fitted with six drawers on one side and hanging space and shoe box on the other, labelled Louis Vuitton Paris Nice 870864--25 1/2 x 21 1/2 x 44 1/2in. (65 x 55 x 113cm.), circa 1960, possibly later modifications by Louis Vuitton in London, one minor lock damaged",1960,no,trunk,0.71875,0.9583333333333334,0,10.6,trunk
312,"A Louis Vuitton wardrobe trunk, covered in monogram LV canvas and bound in leather and brass with wooden banding, monogrammed C.B.O in yellow paint, key number 102847, the interior fitted with six drawers on one side and hanging space and shoe box on the other, labelled Louis Vuitton Paris Nice 870864--25 1/2 x 21 1/2 x 44 1/2in. (65 x 55 x 113cm.), circa 1960, possibly later modifications by Louis Vuitton in London, one minor lock damaged",1960,no,trunk,0.96875,0.9583333333333334,0,10.6,trunk
313,"A Louis Vuitton wardrobe trunk, covered in monogram LV canvas and bound in leather and brass with wooden banding, monogrammed C.B.O in yellow paint, key number 102847, the interior fitted with six drawers on one side and hanging space and shoe box on the other, labelled Louis Vuitton Paris Nice 870864--25 1/2 x 21 1/2 x 44 1/2in. (65 x 55 x 113cm.), circa 1960, possibly later modifications by Louis Vuitton in London, one minor lock damaged",1960,no,suitcase,0.875,0.8333333333333334,0,10.6,suitcase
314,AN ALZER SUITCASE AND A BISTEN SUITCASE IN MONOGRAM CANVAS,1960,no,trunk,0.71875,0.9583333333333334,0,10.6,trunk
315,AN ALZER SUITCASE AND A BISTEN SUITCASE IN MONOGRAM CANVAS,1960,no,trunk,0.75,1.0,0,10.6,trunk
316,A BISTON 60 SUITCASE,1960,no,trunk,0.71875,0.9583333333333334,0,10.6,trunk
317,AN ALZER ANGLAIS 80 SUITCASE IN MONOGRAM CANVAS,1960,no,trunk,0.71875,0.9583333333333334,0,10.6,trunk
318,Paris Alzer-70 Luggage Trunk LV Pattern With Cover & Service,1970,no,suitcase,0.75,1.0,0,11.6,suitcase
319,Vintage Louis Vuitton Suitcase Bisten 60 Monogram Canvas,1970,no,suitcase,0.71875,0.9583333333333334,0,11.6,suitcase
320,Louis Vuitton Suitcase Bisten 80,1970,no,suitcase,0.71875,0.9583333333333334,0,11.6,suitcase
321,Original vintage Louis Vuitton suitcase,1970,no,suitcase,0.59375,0.7916666666666666,0,11.6,suitcase
322,Original vintage Louis Vuitton suitcase,1970,no,suitcase,0.59375,0.7916666666666666,0,11.6,suitcase
323,Cotteville 40 Case Louis Vuitton Leather Brass Canvas,1970,no,suitcase,0.71875,0.9583333333333334,0,11.6,suitcase
324,"A Louis Vuitton wardrobe trunk, covered in LV monogram canvas with yellow owner stripes, bound in leather and brass with wooden bandings, monogrammed H.P.C on sides, lock no. 114285, the interior fitted with six drawers, hanging space and divider",1970,no,trunk,0.75,1.0,0,11.6,trunk
325,"shoe box, labelled LOUIS VUITTON PARIS LONDON NICE CANNES VICHY--26 x 22 x 44in. (66 x 56 x 112cm.)",1970,no,trunk,0.75,1.0,0,11.6,trunk
326,"A Louis Vuitton cabin trunk, covered in LV monogram canvas and bound in leather and brass with wooden bandings, the sides monogrammed S P, lock no. 063627",1970,no,trunk,0.9375,0.9166666666666666,0,11.6,trunk
327,"Asnières-sur-Seine
Large suitcase 'Alzer Monogram Canvas'",1980,no,suitcase,0.75,1.0,0,12.6,suitcase
328,"Asnières-sur-Seine
Medium suitcase 'Cotteville Monogram
Canvas",1970,no,suitcase,0.71875,0.9583333333333334,0,11.6,suitcase
329,"Asnières-sur-Seine
Small 'Super President Monogram Canvas' suitcase",1970,no,suitcase,0.71875,0.9583333333333334,0,11.6,suitcase
330,Monogram Wig Case Round Hat Trunk Travel Bag,1970,yes,bag,0.625,0.8333333333333334,1,11.6,bag
331,"Round Louis Vuitton Hat Trunk 50, Louis Vuitton Hat Box, Louis Vuitton Bag",1980,yes,trunk,0.625,0.8333333333333334,1,12.6,trunk
332,Vintage Louis Vuitton Hat Box,1960,no,trunk,0.71875,0.9583333333333334,0,10.6,trunk
333,"Extra Large Louis Vuitton Marin Bag Louis Vuitton Bag, Louis Vuitton Duffle Bag",1970,yes,bag,0.5,0.6666666666666667,1,11.6,bag
334,A CLASSIC MONOGRAM CANVAS COTTEVILLE 45 TRUNK WITH BRASS HARDWARE,1980,no,suitcase,0.71875,0.9583333333333334,0,12.6,suitcase
335,A CLASSIC MONOGRAM CANVAS ALZER 65 TRUNK WITH BRASS HARDWARE,1980,no,suitcase,0.71875,0.9583333333333334,0,12.6,suitcase
336,Vintage Louis Vuitton Wardrobe 85 Casier Trunk,1980,no,trunk,0.75,1.0,0,12.6,trunk
337,"Louis Vuitton, Unique custom-made wardrobe trunk",1980,no,trunk,1.0,1.0,0,12.6,trunk
338,"Louis Vuitton Monogramm Shoe Trunk, Louis Vuitton Shoe Case, Louis Vuitton Trunk",1980,no,trunk,0.75,1.0,0,12.6,trunk
339,Vintage Louis Vuitton Monogram Overnight Case Trunk Luggage,1980,yes,suitcase,0.59375,0.7916666666666666,1,12.6,suitcase
340,Louis Vuitton Monogramme Huge Wardrobe Trunk / Malle Armoire,1980,no,trunk,0.75,1.0,0,12.6,trunk
341,Wardrobe Louis Vuitton Trunk,1980,no,trunk,0.71875,0.9583333333333334,0,12.6,trunk
342,Louis Vuitton Portable 'Whisky Bar',1980,no,trunk,0.96875,0.9583333333333334,0,12.6,trunk
343,LOUIS VUITTON Vintage Large Steamer Wardrobe Trunk,1980,no,trunk,0.75,1.0,0,12.6,trunk
344,Steamer Trunk in Monogram Canvas from Louis Vuitton,1980,yes,bag,0.59375,0.7916666666666666,1,12.6,bag
345,Vintage Monogram Trunk from Louis Vuitton,1980,yes,suitcase,0.71875,0.9583333333333334,1,12.6,suitcase
346,Vintage Louis Vuitton Speedy 25 Handbag,1980,yes,bag,0.5625,0.75,1,12.6,bag
347,Vintage Louis Vuitton Monogram Speedy 35 Bag,1980,yes,bag,0.625,0.8333333333333334,1,12.6,bag
348,Louis Vuitton Vintage Monogram Grand Noe GM Bucket Bag,1988,yes,bag,0.46875,0.625,1,13.4,bag
349,"monogram canvas handbag by Louis Vuitton, ""Noé""",1980,yes,bag,0.46875,0.625,1,12.6,bag
350,Saint Cloud GM Monogram Bag,1983,yes,bag,0.65625,0.875,1,12.9,bag
351,Sac à bandoulière vintage « Saint Cloud »,1983,yes,bag,0.65625,0.875,1,12.9,bag
352,"Vintage-Tasche ""Speedy""",1980,yes,bag,0.625,0.8333333333333334,1,12.6,bag
353,A CLASSIC MONOGRAM STANDING WARDROBE TRUNK,1990,no,trunk,0.75,1.0,0,13.6,trunk
354,A CLASSIC MONOGRAM CANVAS STANDING SHOE TRUNK,1990,no,trunk,0.75,1.0,0,13.6,trunk
355,A CLASSIC MONOGRAM CANVAS TRUNK,1990,no,trunk,0.75,1.0,0,13.6,trunk
356,Monogram Hard Shell Boite Pharmacie Vanity Trunk Case,1990,yes,trunk,0.71875,0.9583333333333334,1,13.6,trunk
357,A CLASSIC MONOGRAM CANVAS BOITE BOUTEILLES TRUNK WITH BRASS HARDWARE,1990,yes,trunk,0.71875,0.9583333333333334,1,13.6,trunk
358,A PERSONALIZED BROWN MONOGRAM LACQUERED CANVAS HARDSIDED TRUNK,1990,yes,trunk,0.71875,0.9583333333333334,1,13.6,trunk
359,A CUSTOM BLUE EPI ALZER 65 TRUNK WITH BRASS HARDWARE,1990,yes,suitcase,0.96875,0.9583333333333334,1,13.6,suitcase
360,Alzer 80 Monogram Trunk,1990,yes,suitcase,0.71875,0.9583333333333334,1,13.6,suitcase
361,A PERSONALIZED BROWN MONOGRAM CANVAS HARDSIDED VERTICAL WARDROBE TRUNK,2000,yes,trunk,0.71875,0.9583333333333334,1,14.6,trunk
362,"A RARE, ZINC EXPLORER TRUNK",1886,no,trunk,1.0,1.0,0,3.2,trunk
363,"A LIMITED EDITION BLACK RAINBOW MONOGRAM MALLE COURRIER 110 TRUNK WITH
RUTHÉNIUM HARDWARE BY VIRGIL ABLOH",2019,yes,trunk,0.71875,0.9583333333333334,1,16.5,trunk
364,A BLACK EPI LEATHER TRUNK WITH BRASS HARDWAREMODIFIED AS AN IPHONE SPEAKER TRUNK BY BERNADINI MILANO,2000,yes,trunk,0.96875,0.9583333333333334,1,14.6,trunk
365,"A CUSTOM MONOGRAM MALLE COURRIER
LOZINE 100 TRUNK WITH
ORANGE LINING & BRASS HARDWARE",2010,yes,trunk,0.75,1.0,1,15.6,trunk
366,"A LIMITED EDITION GREEN TUFFETAGE
MONOGRAM WALLET TRUNK
WITH GREEN HARDWARE BY VIRGIL ABLOH",2020,yes,trunk,0.59375,0.7916666666666666,1,16.6,trunk
367,SUITCASE 65,2000,yes,suitcase,0.71875,0.9583333333333334,1,14.6,suitcase
368,HATBOX,2000,yes,trunk,0.5625,0.75,1,14.6,trunk
369,CLASSIC MONOGRAM TOILE & NATURAL LEATHER RECTANGULAR TRAVEL TRUNK,2000,yes,trunk,0.71875,0.9583333333333334,1,14.6,trunk
370,DOME MINI STAGE COACH TRUNK WITH BRASS HARDWARE,2000,yes,case,0.53125,0.7083333333333333,1,14.6,case
371,A YELLOW TUFFETAGE MONOGRAM SPEEDY TRUNK WITH BLACK HARDWARE,2020,yes,bag,0.6875,0.9166666666666666,1,16.6,bag
372,A SET OF TWO REVERSE MONOGRAM TRUNK: A COFFRET TRESOR 24 JEWELRY BOX & A COFFRET 8 MONTRES WATCH BOX,2020,yes,trunk,0.71875,0.9583333333333334,1,16.6,trunk
373,A PAINTED NIGHT OF HONG KONG ECLIPSE MONOGRAM CANVAS ALZER 80 SUITCASE TRUNK WITH SLIVER HARDWARE,2022,yes,suitcase,0.75,0.9166666666666666,1,16.8,suitcase
374,Rolling Trunk,2020,yes,trunk,0.71875,0.9583333333333334,1,16.6,trunk
375,Malle Music Trunk,2024,yes,trunk,0.75,1.0,1,17.0,trunk
376,Dart Trunk LV Dart,2024,yes,trunk,0.6875,0.9166666666666666,1,17.0,trunk
377,Vintage Monogram Boite Flacons Train Case Travel Bag Brown Cloth,1970,yes,bag,0.71875,0.9583333333333334,1,11.6,bag
378,Monogram Canvas Trunk,1978,no,trunk,0.75,1.0,0,12.4,trunk
379,"Wig Trunk In Monogram Canvas, Made In France",1970,no,trunk,0.71875,0.9583333333333334,0,11.6,trunk
380,"Vintage Stratos Luggage Trunk Stack, Set of Three",1970,yes,trunk,0.625,0.8333333333333334,1,11.6,trunk
381,"A Louis Vuitton trunk in woven canvas, France",1990,no,trunk,0.75,1.0,0,13.6,trunk
382,"A Louis Vuitton courier trunk in natural cow hide, France",1930,no,trunk,0.96875,0.9583333333333334,0,7.6,trunk
383,"An extremely rare ""Assouline"" trunk by Goyard, made in France",2005,no,trunk,0.71875,0.9583333333333334,0,15.1,trunk
384,Vintage Louis Vuitton x French Luggage Co. Travel Bag/Diaper Bag Monogram Canvas,1980,yes,bag,0.59375,0.75,1,12.6,bag
385,Louis Vuitton Green Epi Leather Danube Cross-Body Bag,1990,yes,bag,0.8125,0.75,1,13.6,bag
386,Vintage Monogram Vernis Bedford Handbag Mint Green,1999,yes,bag,0.625,0.8333333333333334,1,14.5,bag
387,Louis Vuitton Retiro NM Monogram Coated Canvas 2 Way Shoulder Bag,2000,yes,bag,0.625,0.8333333333333334,1,14.6,bag
388,Louis Vuitton Brown Classic Monogram Canvas Alma PM,1990,yes,bag,0.625,0.8333333333333334,1,13.6,bag
389,LV Cup Red Calvi Messenger 91lz817s,1995,yes,bag,0.53125,0.6666666666666667,1,14.1,bag
390,Vintage Louis Vuitton Castillan Red Epi Leather Cluny Shoulder Bag,1995,yes,bag,0.71875,0.625,1,14.1,bag
391,LV Americas Cup Grey Polochon Travel Bag 39lk324s,2000,yes,bag,0.8125,0.75,1,14.6,bag
392,Louis Vuitton Tahitienne Cabas Bag Limited Edition,2000,yes,bag,0.5,0.6666666666666667,1,14.6,bag
393,Louis Vuitton Terre Damier Geant Messenger Bag,2000,yes,bag,0.78125,0.7083333333333333,1,14.6,bag
394,A RARE BEIGE & BLACK PRINTED LEATHER SOFT TRUCK BAG WITH SILVER HARDWARE BY PHARRELL WILLIAMS,2023,no,bag,0.5625,0.41666666666666663,0,16.9,bag
395,GREY MONOGRAM CLIMBING LEATHER HORIZON 55 TROLLEY SUITCASES,2022,yes,trunk,0.6875,0.875,1,16.8,trunk
396,"A RARE MONOGRAM CARDBOARD MALLE A BIJOUX INVITATION BOX JEWELRY SET, 300/850",1989,yes,trunk,0.65625,0.875,1,13.5,trunk
397,A LIMITED EDITION MONOGRAM CANVAS DUCK BAG WITH GOLD HARDWARE BY NIGO,2020,no,bag,0.34375,0.45833333333333337,0,16.6,bag
398,A SPRING/SUMMER RUNWAY BLACK RAINBOW MONOGRAM LP CASE WITH BLACK HARDWARE BY VIRGIL ABLOH,2019,yes,trunk,0.78125,0.9583333333333334,1,16.5,trunk
399,"A RARE, BLACK EPI LEATHER SAC PLAT FUSION BY FABRIZIO PLESSI",2008,yes,bag,0.84375,0.8333333333333334,1,15.4,bag
400,A METALLIC SILVER MONOGRAM KEEPALL BANDOULIÈRE 50 WITH SILVER HARDWARE,2017,yes,bag,0.625,0.8333333333333334,1,16.3,bag
